INSERT INTO `address` (`id`, `districts`, `wards`, `description`, `recipientPhoneNumber`, `RecipientName`) VALUES (1, 'Quận 1', 'Phường Bến Nghé', '123 Đường Nguyễn Huệ, Số nhà 10', 123456789, 'Nguyễn Văn A');
INSERT INTO `address` (`id`, `districts`, `wards`, `description`, `recipientPhoneNumber`, `RecipientName`) VALUES (2, 'Quận 3', 'Phường 6', '456 Đường Cách Mạng Tháng 8, Số nhà 20', 987654321, 'Trần Thị B');
INSERT INTO `address` (`id`, `districts`, `wards`, `description`, `recipientPhoneNumber`, `RecipientName`) VALUES (3, 'Quận 5', 'Phường 10', '789 Đường An Dương Vương, Số nhà 30', 111223344, 'Lê Văn C');
INSERT INTO `address` (`id`, `districts`, `wards`, `description`, `recipientPhoneNumber`, `RecipientName`) VALUES (4, 'Quận 7', 'Phường Tân Phú', '101 Đường Nguyễn Thị Thập, Số nhà 40', 555666777, 'Phạm Thị D');
INSERT INTO `address` (`id`, `districts`, `wards`, `description`, `recipientPhoneNumber`, `RecipientName`) VALUES (5, 'Quận 10', 'Phường 3', '222 Đường 3 Tháng 2, Số nhà 15', 999888777, 'Hoàng Văn E');
INSERT INTO `address` (`id`, `districts`, `wards`, `description`, `recipientPhoneNumber`, `RecipientName`) VALUES (6, 'Quận Bình Thạnh', 'Phường 14', '333 Đường D1, Số nhà 25', 444555666, 'Mai Thị F');
INSERT INTO `address` (`id`, `districts`, `wards`, `description`, `recipientPhoneNumber`, `RecipientName`) VALUES (7, 'Quận Gò Vấp', 'Phường 5', '444 Đường Quang Trung, Số nhà 35', 777888999, 'Trương Văn G');
INSERT INTO `address` (`id`, `districts`, `wards`, `description`, `recipientPhoneNumber`, `RecipientName`) VALUES (8, 'Quận Phú Nhuận', 'Phường 7', '555 Đường Phan Đăng Lưu, Số nhà 45', 111222333, 'Nguyễn Thị H');
INSERT INTO `address` (`id`, `districts`, `wards`, `description`, `recipientPhoneNumber`, `RecipientName`) VALUES (9, 'Quận Bình Tân', 'Phường Bình Hưng Hòa', '666 Đường Lê Lợi, Số nhà 55', 666777888, 'Võ Văn I');
INSERT INTO `address` (`id`, `districts`, `wards`, `description`, `recipientPhoneNumber`, `RecipientName`) VALUES (10, 'Quận Tân Phú', 'Phường Tây Thạnh', '777 Đường Lạc Long Quân, Số nhà 65', 888999000, 'Lý Văn K');
INSERT INTO `categories` (`id`, `name`) VALUES (1, 'Trà sữa');
INSERT INTO `categories` (`id`, `name`) VALUES (2, 'Trà');
INSERT INTO `categories` (`id`, `name`) VALUES (3, 'Cà Phê');
INSERT INTO `categories` (`id`, `name`) VALUES (4, 'Yaourt');
INSERT INTO `categories` (`id`, `name`) VALUES (5, 'Soda');
INSERT INTO `categories` (`id`, `name`) VALUES (6, 'Sinh Tố');
INSERT INTO `categories` (`id`, `name`) VALUES (7, 'Nước Ép');
INSERT INTO `contacts` (`id`, `name`, `email`, `title`, `description`) VALUES (1, 'Nguyễn Văn A', 'nguyenvana@gmail.com', 'Hỗ trợ khách hàng', 'Cần hỗ trợ về việc đặt hàng.');
INSERT INTO `contacts` (`id`, `name`, `email`, `title`, `description`) VALUES (2, 'Trần Thị B', 'tranthib@gmail.com', 'Góp ý', 'Tôi có một số ý kiến về sản phẩm.');
INSERT INTO `contacts` (`id`, `name`, `email`, `title`, `description`) VALUES (3, 'Lê Minh C', 'leminhc@gmail.com', 'Phản hồi', 'Sản phẩm của bạn rất tuyệt vời!');
INSERT INTO `contacts` (`id`, `name`, `email`, `title`, `description`) VALUES (4, 'Phạm Xuân D', 'phamxuand@gmail.com', 'Hợp tác kinh doanh', 'Chúng tôi muốn hợp tác với công ty của bạn.');
INSERT INTO `contacts` (`id`, `name`, `email`, `title`, `description`) VALUES (5, 'Hoàng Thị E', 'hoangthie@gmail.com', 'Báo cáo lỗi', 'Tôi gặp một số vấn đề khi sử dụng trang web.');
INSERT INTO `images` (`id`, `productID`, `name`, `path`) VALUES (1, 1, 'Trà sữa matcha', 'img/products/tra_sua_matcha.jpg');
INSERT INTO `images` (`id`, `productID`, `name`, `path`) VALUES (2, 2, 'Trà sữa matcha kem trứng', 'img/products/tra_sua_matcha_kem_trung.jpg');
INSERT INTO `images` (`id`, `productID`, `name`, `path`) VALUES (3, 3, 'Sữa tươi việt quất trân châu', 'img/products/sua_tuoi_viet_quat_tran_chau.jpg');
INSERT INTO `images` (`id`, `productID`, `name`, `path`) VALUES (4, 4, 'Sữa tươi dâu trân châu', 'img/products/sua_tuoi_dau_tran_chau.jpg');
INSERT INTO `images` (`id`, `productID`, `name`, `path`) VALUES (5, 5, 'Sữa tươi kem trứng', 'img/products/sua_tuoi_kem_trung.jpg');
INSERT INTO `images` (`id`, `productID`, `name`, `path`) VALUES (6, 6, 'Sữa tươi sương sáo đường đen', 'img/products/sua_tuoi_suong_sao_den.jpg');
INSERT INTO `images` (`id`, `productID`, `name`, `path`) VALUES (7, 7, 'Sữa tươi trân châu đường đen', 'img/products/sua_tuoi_tran_chau_den.jpg');
INSERT INTO `images` (`id`, `productID`, `name`, `path`) VALUES (8, 8, 'Trà sữa ca cao', 'img/products/tra_sua_ca_cao.jpg');
INSERT INTO `images` (`id`, `productID`, `name`, `path`) VALUES (9, 9, 'Trà sữa thái xanh trân châu đen', 'img/products/tra_sua_thai_xanh_tran_chau_den.jpg');
INSERT INTO `images` (`id`, `productID`, `name`, `path`) VALUES (10, 10, 'Trà sữa caramel', 'img/products/tra_sua_caramel.jpg');
INSERT INTO `images` (`id`, `productID`, `name`, `path`) VALUES (11, 11, 'Trà sữa dâu tây', 'img/products/tra_sua_dau_tay.jpg');
INSERT INTO `images` (`id`, `productID`, `name`, `path`) VALUES (12, 12, 'Trà sữa hoa đậu biếc', 'img/products/tra_sua_hoa_dau_biec.jpg');
INSERT INTO `images` (`id`, `productID`, `name`, `path`) VALUES (13, 13, 'Trà sữa phô mai', 'img/products/tra_sua_pho_mai.jpg');
INSERT INTO `images` (`id`, `productID`, `name`, `path`) VALUES (14, 14, 'Trà sữa thái đỏ', 'img/products/tra_sua_thai_do.jpg');
INSERT INTO `images` (`id`, `productID`, `name`, `path`) VALUES (15, 15, 'Trà sữa truyền thống', 'img/products/tra_sua_truyen_thong.jpg');
INSERT INTO `images` (`id`, `productID`, `name`, `path`) VALUES (16, 16, 'Trà sữa bánh flan', 'img/products/tra_sua_banh_flan.jpg');
INSERT INTO `images` (`id`, `productID`, `name`, `path`) VALUES (17, 17, 'Trà sữa bạc hà', 'img/products/tra_sua_bac_ha.jpg');
INSERT INTO `images` (`id`, `productID`, `name`, `path`) VALUES (18, 18, 'Trà sữa chocolate', 'img/products/tra_sua_chocolate.jpg');
INSERT INTO `images` (`id`, `productID`, `name`, `path`) VALUES (19, 19, 'Trà sữa gạo rang', 'img/products/tra_sua_gao_rang.jpg');
INSERT INTO `images` (`id`, `productID`, `name`, `path`) VALUES (20, 20, 'Trà sữa kem cheese', 'img/products/tra_sua_kem_cheese.jpg');
INSERT INTO `images` (`id`, `productID`, `name`, `path`) VALUES (21, 21, 'Trà sữa khoai môn', 'img/products/tra_sua_khoai_mon.jpg');
INSERT INTO `images` (`id`, `productID`, `name`, `path`) VALUES (22, 22, 'Trà sữa khoai môn trân châu', 'img/products/tra_sua_khoai_mon_tran_chau.jpg');
INSERT INTO `images` (`id`, `productID`, `name`, `path`) VALUES (23, 23, 'Sữa tươi trân châu đường đen', 'img/products/sua_tuoi_tran_chau_den.jpg');
INSERT INTO `images` (`id`, `productID`, `name`, `path`) VALUES (24, 24, 'Trà sữa milk foam', 'img/products/tra_sua_milk_foam.jpg');
INSERT INTO `images` (`id`, `productID`, `name`, `path`) VALUES (25, 25, 'Trà sữa thái xanh', 'img/products/tra_sua_thai_xanh.jpg');
INSERT INTO `images` (`id`, `productID`, `name`, `path`) VALUES (26, 26, 'Trà sữa thái đỏ trân châu đen', 'img/products/tra_sua_thai_do_tran_chau_den.jpg');
INSERT INTO `images` (`id`, `productID`, `name`, `path`) VALUES (27, 27, 'Trà sữa trân châu trắng', 'img/products/tra_sua_tran_chau_trang.jpg');
INSERT INTO `images` (`id`, `productID`, `name`, `path`) VALUES (28, 28, 'Trà sữa trân châu đen', 'img/products/tra_sua_tran_chau_den.jpg');
INSERT INTO `images` (`id`, `productID`, `name`, `path`) VALUES (29, 29, 'Trà sữa táo xanh', 'img/products/tra_sua_tao_xanh.jpg');
INSERT INTO `images` (`id`, `productID`, `name`, `path`) VALUES (30, 30, 'Trà sữa việt quất', 'img/products/tra_sua_viet_quat.jpg');
INSERT INTO `images` (`id`, `productID`, `name`, `path`) VALUES (31, 31, 'Trà sữa ô lông', 'img/products/tra_sua_o_long.jpg');
INSERT INTO `order_details` (`id`, `orderID`, `productID`, `quantity`, `price`, `size`) VALUES (1, 1, 1, 2, 25000, 'M');
INSERT INTO `order_details` (`id`, `orderID`, `productID`, `quantity`, `price`, `size`) VALUES (2, 1, 2, 1, 30000, 'L');
INSERT INTO `order_details` (`id`, `orderID`, `productID`, `quantity`, `price`, `size`) VALUES (3, 2, 3, 3, 28000, 'M');
INSERT INTO `order_details` (`id`, `orderID`, `productID`, `quantity`, `price`, `size`) VALUES (4, 2, 4, 2, 32000, 'L');
INSERT INTO `order_details` (`id`, `orderID`, `productID`, `quantity`, `price`, `size`) VALUES (5, 3, 5, 1, 35000, 'M');
INSERT INTO `order_details` (`id`, `orderID`, `productID`, `quantity`, `price`, `size`) VALUES (6, 3, 6, 4, 28000, 'L');
INSERT INTO `order_details` (`id`, `orderID`, `productID`, `quantity`, `price`, `size`) VALUES (7, 4, 7, 3, 30000, 'M');
INSERT INTO `order_details` (`id`, `orderID`, `productID`, `quantity`, `price`, `size`) VALUES (8, 4, 8, 1, 35000, 'L');
INSERT INTO `order_details` (`id`, `orderID`, `productID`, `quantity`, `price`, `size`) VALUES (9, 5, 9, 5, 30000, 'M');
INSERT INTO `order_details` (`id`, `orderID`, `productID`, `quantity`, `price`, `size`) VALUES (10, 5, 10, 2, 33000, 'L');
INSERT INTO `orders` (`id`, `userID`, `totalPrice`, `buyDate`, `status`, `address`, `shippingFee`, `payment`) VALUES (1, 1, 105000, '2023-01-15 00:00:00', 'Shipped', 'Quận 1, TP.Hồ Chí Minh', 0, 'COD');
INSERT INTO `orders` (`id`, `userID`, `totalPrice`, `buyDate`, `status`, `address`, `shippingFee`, `payment`) VALUES (2, 2, 136000, '2023-02-20 00:00:00', 'Processing', 'Quận 3, TP.Hồ Chí Minh', 0, 'COD');
INSERT INTO `orders` (`id`, `userID`, `totalPrice`, `buyDate`, `status`, `address`, `shippingFee`, `payment`) VALUES (3, 3, 172000, '2023-03-25 00:00:00', 'Delivered', 'Quận 5, TP.Hồ Chí Minh', 0, 'COD');
INSERT INTO `orders` (`id`, `userID`, `totalPrice`, `buyDate`, `status`, `address`, `shippingFee`, `payment`) VALUES (4, 4, 125000, '2023-04-30 00:00:00', 'Pending', 'Quận 7, TP.Hồ Chí Minh', 0, 'COD');
INSERT INTO `orders` (`id`, `userID`, `totalPrice`, `buyDate`, `status`, `address`, `shippingFee`, `payment`) VALUES (5, 5, 160000, '2023-05-05 00:00:00', 'Shipped', 'Quận Bình Thạnh, TP.Hồ Chí Minh', 0, 'COD');
INSERT INTO `product_details` (`id`, `productID`, `description`, `size`, `costPrice`, `price`, `createAt`, `lastUpdate`) VALUES (1, 1, 'Mô tả sản phẩm cho Trà sữa matcha (size M)', 'M', 20000, 25000, '2022-01-15 00:00:00', '2023-05-20 00:00:00');
INSERT INTO `product_details` (`id`, `productID`, `description`, `size`, `costPrice`, `price`, `createAt`, `lastUpdate`) VALUES (2, 1, 'Mô tả sản phẩm cho Trà sữa matcha (size L)', 'L', 22000, 30000, '2022-02-10 00:00:00', '2023-08-15 00:00:00');
INSERT INTO `product_details` (`id`, `productID`, `description`, `size`, `costPrice`, `price`, `createAt`, `lastUpdate`) VALUES (3, 2, 'Mô tả sản phẩm cho Trà sữa matcha kem trứng (size M)', 'M', 18000, 25000, '2022-03-20 00:00:00', '2023-03-10 00:00:00');
INSERT INTO `product_details` (`id`, `productID`, `description`, `size`, `costPrice`, `price`, `createAt`, `lastUpdate`) VALUES (4, 2, 'Mô tả sản phẩm cho Trà sữa matcha kem trứng (size L)', 'L', 20000, 30000, '2022-04-25 00:00:00', '2023-06-22 00:00:00');
INSERT INTO `product_details` (`id`, `productID`, `description`, `size`, `costPrice`, `price`, `createAt`, `lastUpdate`) VALUES (5, 3, 'Mô tả sản phẩm cho Sữa tươi việt quất trân châu (size M)', 'M', 19000, 25000, '2022-02-01 00:00:00', '2023-04-15 00:00:00');
INSERT INTO `product_details` (`id`, `productID`, `description`, `size`, `costPrice`, `price`, `createAt`, `lastUpdate`) VALUES (6, 3, 'Mô tả sản phẩm cho Sữa tươi việt quất trân châu (size L)', 'L', 21000, 30000, '2022-03-12 00:00:00', '2023-07-10 00:00:00');
INSERT INTO `product_details` (`id`, `productID`, `description`, `size`, `costPrice`, `price`, `createAt`, `lastUpdate`) VALUES (7, 4, 'Mô tả sản phẩm cho Sữa tươi dâu trân châu (size M)', 'M', 20000, 25000, '2022-04-05 00:00:00', '2023-01-20 00:00:00');
INSERT INTO `product_details` (`id`, `productID`, `description`, `size`, `costPrice`, `price`, `createAt`, `lastUpdate`) VALUES (8, 4, 'Mô tả sản phẩm cho Sữa tươi dâu trân châu (size L)', 'L', 22000, 30000, '2022-05-18 00:00:00', '2023-09-05 00:00:00');
INSERT INTO `product_details` (`id`, `productID`, `description`, `size`, `costPrice`, `price`, `createAt`, `lastUpdate`) VALUES (9, 5, 'Mô tả sản phẩm cho Sữa tươi kem trứng (size M)', 'M', 17000, 25000, '2022-06-10 00:00:00', '2023-02-18 00:00:00');
INSERT INTO `product_details` (`id`, `productID`, `description`, `size`, `costPrice`, `price`, `createAt`, `lastUpdate`) VALUES (10, 5, 'Mô tả sản phẩm cho Sữa tươi kem trứng (size L)', 'L', 19000, 30000, '2022-07-15 00:00:00', '2023-09-20 00:00:00');
INSERT INTO `product_details` (`id`, `productID`, `description`, `size`, `costPrice`, `price`, `createAt`, `lastUpdate`) VALUES (11, 6, 'Mô tả sản phẩm cho Sữa tươi sương sáo đường đen (size M)', 'M', 18000, 25000, '2022-08-05 00:00:00', '2023-03-25 00:00:00');
INSERT INTO `product_details` (`id`, `productID`, `description`, `size`, `costPrice`, `price`, `createAt`, `lastUpdate`) VALUES (12, 6, 'Mô tả sản phẩm cho Sữa tươi sương sáo đường đen (size L)', 'L', 20000, 30000, '2022-09-12 00:00:00', '2023-06-15 00:00:00');
INSERT INTO `product_details` (`id`, `productID`, `description`, `size`, `costPrice`, `price`, `createAt`, `lastUpdate`) VALUES (13, 7, 'Mô tả sản phẩm cho Sữa tươi trân châu đường đen (size M)', 'M', 19000, 25000, '2022-10-01 00:00:00', '2023-02-10 00:00:00');
INSERT INTO `product_details` (`id`, `productID`, `description`, `size`, `costPrice`, `price`, `createAt`, `lastUpdate`) VALUES (14, 7, 'Mô tả sản phẩm cho Sữa tươi trân châu đường đen (size L)', 'L', 21000, 30000, '2022-11-15 00:00:00', '2023-07-05 00:00:00');
INSERT INTO `product_details` (`id`, `productID`, `description`, `size`, `costPrice`, `price`, `createAt`, `lastUpdate`) VALUES (15, 8, 'Mô tả sản phẩm cho Trà sữa ca cao (size M)', 'M', 16000, 25000, '2022-12-10 00:00:00', '2023-01-25 00:00:00');
INSERT INTO `product_details` (`id`, `productID`, `description`, `size`, `costPrice`, `price`, `createAt`, `lastUpdate`) VALUES (16, 8, 'Mô tả sản phẩm cho Trà sữa ca cao (size L)', 'L', 18000, 30000, '2023-01-15 00:00:00', '2023-08-10 00:00:00');
INSERT INTO `product_details` (`id`, `productID`, `description`, `size`, `costPrice`, `price`, `createAt`, `lastUpdate`) VALUES (17, 9, 'Mô tả sản phẩm cho Trà sữa thái xanh trân châu đen (size M)', 'M', 17000, 25000, '2023-02-20 00:00:00', '2023-06-05 00:00:00');
INSERT INTO `product_details` (`id`, `productID`, `description`, `size`, `costPrice`, `price`, `createAt`, `lastUpdate`) VALUES (18, 9, 'Mô tả sản phẩm cho Trà sữa thái xanh trân châu đen (size L)', 'L', 19000, 30000, '2023-03-25 00:00:00', '2023-09-20 00:00:00');
INSERT INTO `product_details` (`id`, `productID`, `description`, `size`, `costPrice`, `price`, `createAt`, `lastUpdate`) VALUES (19, 10, 'Mô tả sản phẩm cho Trà sữa caramel (size M)', 'M', 18000, 25000, '2023-04-10 00:00:00', '2023-08-15 00:00:00');
INSERT INTO `product_details` (`id`, `productID`, `description`, `size`, `costPrice`, `price`, `createAt`, `lastUpdate`) VALUES (20, 10, 'Mô tả sản phẩm cho Trà sữa caramel (size L)', 'L', 20000, 30000, '2023-05-18 00:00:00', '2023-10-10 00:00:00');
INSERT INTO `product_details` (`id`, `productID`, `description`, `size`, `costPrice`, `price`, `createAt`, `lastUpdate`) VALUES (21, 11, 'Mô tả sản phẩm cho Trà sữa dâu tây (size M)', 'M', 19000, 25000, '2023-06-01 00:00:00', '2023-09-15 00:00:00');
INSERT INTO `product_details` (`id`, `productID`, `description`, `size`, `costPrice`, `price`, `createAt`, `lastUpdate`) VALUES (22, 11, 'Mô tả sản phẩm cho Trà sữa dâu tây (size L)', 'L', 21000, 30000, '2023-07-10 00:00:00', '2023-11-05 00:00:00');
INSERT INTO `product_details` (`id`, `productID`, `description`, `size`, `costPrice`, `price`, `createAt`, `lastUpdate`) VALUES (23, 12, 'Mô tả sản phẩm cho Trà sữa hoa đậu biếc (size M)', 'M', 20000, 25000, '2023-08-15 00:00:00', '2023-01-20 00:00:00');
INSERT INTO `product_details` (`id`, `productID`, `description`, `size`, `costPrice`, `price`, `createAt`, `lastUpdate`) VALUES (24, 12, 'Mô tả sản phẩm cho Trà sữa hoa đậu biếc (size L)', 'L', 22000, 30000, '2023-09-25 00:00:00', '2023-04-10 00:00:00');
INSERT INTO `product_details` (`id`, `productID`, `description`, `size`, `costPrice`, `price`, `createAt`, `lastUpdate`) VALUES (25, 13, 'Mô tả sản phẩm cho Trà sữa phô mai (size M)', 'M', 21000, 25000, '2023-10-05 00:00:00', '2023-02-18 00:00:00');
INSERT INTO `product_details` (`id`, `productID`, `description`, `size`, `costPrice`, `price`, `createAt`, `lastUpdate`) VALUES (26, 13, 'Mô tả sản phẩm cho Trà sữa phô mai (size L)', 'L', 23000, 30000, '2023-11-10 00:00:00', '2023-06-05 00:00:00');
INSERT INTO `product_details` (`id`, `productID`, `description`, `size`, `costPrice`, `price`, `createAt`, `lastUpdate`) VALUES (27, 14, 'Mô tả sản phẩm cho Trà sữa thái đỏ (size M)', 'M', 22000, 25000, '2023-12-01 00:00:00', '2023-02-20 00:00:00');
INSERT INTO `product_details` (`id`, `productID`, `description`, `size`, `costPrice`, `price`, `createAt`, `lastUpdate`) VALUES (28, 14, 'Mô tả sản phẩm cho Trà sữa thái đỏ (size L)', 'L', 24000, 30000, '2023-01-10 00:00:00', '2023-05-15 00:00:00');
INSERT INTO `product_details` (`id`, `productID`, `description`, `size`, `costPrice`, `price`, `createAt`, `lastUpdate`) VALUES (29, 15, 'Mô tả sản phẩm cho Trà sữa truyền thống (size M)', 'M', 20000, 25000, '2023-02-15 00:00:00', '2023-05-20 00:00:00');
INSERT INTO `product_details` (`id`, `productID`, `description`, `size`, `costPrice`, `price`, `createAt`, `lastUpdate`) VALUES (30, 15, 'Mô tả sản phẩm cho Trà sữa truyền thống (size L)', 'L', 22000, 30000, '2023-03-10 00:00:00', '2023-08-05 00:00:00');
INSERT INTO `product_details` (`id`, `productID`, `description`, `size`, `costPrice`, `price`, `createAt`, `lastUpdate`) VALUES (31, 16, 'Mô tả sản phẩm cho Trà sữa bánh flan (size M)', 'M', 21000, 25000, '2023-04-01 00:00:00', '2023-07-10 00:00:00');
INSERT INTO `product_details` (`id`, `productID`, `description`, `size`, `costPrice`, `price`, `createAt`, `lastUpdate`) VALUES (32, 16, 'Mô tả sản phẩm cho Trà sữa bánh flan (size L)', 'L', 23000, 30000, '2023-05-15 00:00:00', '2023-09-25 00:00:00');
INSERT INTO `product_details` (`id`, `productID`, `description`, `size`, `costPrice`, `price`, `createAt`, `lastUpdate`) VALUES (33, 17, 'Mô tả sản phẩm cho Trà sữa bạc hà (size M)', 'M', 22000, 25000, '2023-06-15 00:00:00', '2023-09-20 00:00:00');
INSERT INTO `product_details` (`id`, `productID`, `description`, `size`, `costPrice`, `price`, `createAt`, `lastUpdate`) VALUES (34, 17, 'Mô tả sản phẩm cho Trà sữa bạc hà (size L)', 'L', 24000, 30000, '2023-07-20 00:00:00', '2023-11-10 00:00:00');
INSERT INTO `product_details` (`id`, `productID`, `description`, `size`, `costPrice`, `price`, `createAt`, `lastUpdate`) VALUES (35, 18, 'Mô tả sản phẩm cho Trà sữa chocolate (size M)', 'M', 23000, 25000, '2023-08-10 00:00:00', '2023-11-15 00:00:00');
INSERT INTO `product_details` (`id`, `productID`, `description`, `size`, `costPrice`, `price`, `createAt`, `lastUpdate`) VALUES (36, 18, 'Mô tả sản phẩm cho Trà sữa chocolate (size L)', 'L', 25000, 30000, '2023-09-15 00:00:00', '2023-12-20 00:00:00');
INSERT INTO `product_details` (`id`, `productID`, `description`, `size`, `costPrice`, `price`, `createAt`, `lastUpdate`) VALUES (37, 19, 'Mô tả sản phẩm cho Trà sữa gạo rang (size M)', 'M', 24000, 25000, '2023-10-01 00:00:00', '2023-12-05 00:00:00');
INSERT INTO `product_details` (`id`, `productID`, `description`, `size`, `costPrice`, `price`, `createAt`, `lastUpdate`) VALUES (38, 19, 'Mô tả sản phẩm cho Trà sữa gạo rang (size L)', 'L', 26000, 30000, '2023-11-05 00:00:00', '2024-01-10 00:00:00');
INSERT INTO `product_details` (`id`, `productID`, `description`, `size`, `costPrice`, `price`, `createAt`, `lastUpdate`) VALUES (39, 20, 'Mô tả sản phẩm cho Trà sữa kem cheese (size M)', 'M', 25000, 28000, '2023-12-15 00:00:00', '2024-03-20 00:00:00');
INSERT INTO `product_details` (`id`, `productID`, `description`, `size`, `costPrice`, `price`, `createAt`, `lastUpdate`) VALUES (40, 20, 'Mô tả sản phẩm cho Trà sữa kem cheese (size L)', 'L', 27000, 32000, '2024-01-20 00:00:00', '2024-04-25 00:00:00');
INSERT INTO `product_details` (`id`, `productID`, `description`, `size`, `costPrice`, `price`, `createAt`, `lastUpdate`) VALUES (41, 21, 'Mô tả sản phẩm cho Trà sữa khoai môn (size M)', 'M', 24000, 26000, '2023-01-05 00:00:00', '2023-04-10 00:00:00');
INSERT INTO `product_details` (`id`, `productID`, `description`, `size`, `costPrice`, `price`, `createAt`, `lastUpdate`) VALUES (42, 21, 'Mô tả sản phẩm cho Trà sữa khoai môn (size L)', 'L', 26000, 30000, '2023-02-10 00:00:00', '2023-05-15 00:00:00');
INSERT INTO `product_details` (`id`, `productID`, `description`, `size`, `costPrice`, `price`, `createAt`, `lastUpdate`) VALUES (43, 22, 'Mô tả sản phẩm cho Trà sữa khoai môn trân châu (size M)', 'M', 25000, 27000, '2023-03-15 00:00:00', '2023-06-20 00:00:00');
INSERT INTO `product_details` (`id`, `productID`, `description`, `size`, `costPrice`, `price`, `createAt`, `lastUpdate`) VALUES (44, 22, 'Mô tả sản phẩm cho Trà sữa khoai môn trân châu (size L)', 'L', 27000, 32000, '2023-04-20 00:00:00', '2023-07-25 00:00:00');
INSERT INTO `product_details` (`id`, `productID`, `description`, `size`, `costPrice`, `price`, `createAt`, `lastUpdate`) VALUES (45, 23, 'Mô tả sản phẩm cho Sữa tươi trân châu đường đen (size M)', 'M', 24000, 26000, '2023-05-05 00:00:00', '2023-08-10 00:00:00');
INSERT INTO `product_details` (`id`, `productID`, `description`, `size`, `costPrice`, `price`, `createAt`, `lastUpdate`) VALUES (46, 23, 'Mô tả sản phẩm cho Sữa tươi trân châu đường đen (size L)', 'L', 26000, 30000, '2023-06-10 00:00:00', '2023-09-15 00:00:00');
INSERT INTO `product_details` (`id`, `productID`, `description`, `size`, `costPrice`, `price`, `createAt`, `lastUpdate`) VALUES (47, 24, 'Mô tả sản phẩm cho Trà sữa milk foam (size M)', 'M', 25000, 27000, '2023-07-15 00:00:00', '2023-10-20 00:00:00');
INSERT INTO `product_details` (`id`, `productID`, `description`, `size`, `costPrice`, `price`, `createAt`, `lastUpdate`) VALUES (48, 24, 'Mô tả sản phẩm cho Trà sữa milk foam (size L)', 'L', 27000, 32000, '2023-08-20 00:00:00', '2023-11-25 00:00:00');
INSERT INTO `product_details` (`id`, `productID`, `description`, `size`, `costPrice`, `price`, `createAt`, `lastUpdate`) VALUES (49, 25, 'Mô tả sản phẩm cho Trà sữa thái xanh (size M)', 'M', 26000, 28000, '2023-09-25 00:00:00', '2023-12-30 00:00:00');
INSERT INTO `product_details` (`id`, `productID`, `description`, `size`, `costPrice`, `price`, `createAt`, `lastUpdate`) VALUES (50, 25, 'Mô tả sản phẩm cho Trà sữa thái xanh (size L)', 'L', 28000, 33000, '2023-10-30 00:00:00', '2024-01-05 00:00:00');
INSERT INTO `product_details` (`id`, `productID`, `description`, `size`, `costPrice`, `price`, `createAt`, `lastUpdate`) VALUES (51, 26, 'Mô tả sản phẩm cho Trà sữa thái đỏ trân châu đen (size M)', 'M', 27000, 29000, '2023-11-05 00:00:00', '2024-02-10 00:00:00');
INSERT INTO `product_details` (`id`, `productID`, `description`, `size`, `costPrice`, `price`, `createAt`, `lastUpdate`) VALUES (52, 26, 'Mô tả sản phẩm cho Trà sữa thái đỏ trân châu đen (size L)', 'L', 29000, 34000, '2023-12-10 00:00:00', '2024-03-15 00:00:00');
INSERT INTO `product_details` (`id`, `productID`, `description`, `size`, `costPrice`, `price`, `createAt`, `lastUpdate`) VALUES (53, 27, 'Mô tả sản phẩm cho Trà sữa trân châu trắng (size M)', 'M', 28000, 30000, '2024-01-15 00:00:00', '2024-04-20 00:00:00');
INSERT INTO `product_details` (`id`, `productID`, `description`, `size`, `costPrice`, `price`, `createAt`, `lastUpdate`) VALUES (54, 27, 'Mô tả sản phẩm cho Trà sữa trân châu trắng (size L)', 'L', 30000, 35000, '2024-02-20 00:00:00', '2024-05-25 00:00:00');
INSERT INTO `product_details` (`id`, `productID`, `description`, `size`, `costPrice`, `price`, `createAt`, `lastUpdate`) VALUES (55, 28, 'Mô tả sản phẩm cho Trà sữa trân châu đen (size M)', 'M', 29000, 31000, '2024-03-25 00:00:00', '2024-06-30 00:00:00');
INSERT INTO `product_details` (`id`, `productID`, `description`, `size`, `costPrice`, `price`, `createAt`, `lastUpdate`) VALUES (56, 28, 'Mô tả sản phẩm cho Trà sữa trân châu đen (size L)', 'L', 31000, 36000, '2024-04-30 00:00:00', '2024-07-05 00:00:00');
INSERT INTO `product_details` (`id`, `productID`, `description`, `size`, `costPrice`, `price`, `createAt`, `lastUpdate`) VALUES (57, 29, 'Mô tả sản phẩm cho Trà sữa táo xanh (size M)', 'M', 30000, 32000, '2024-05-05 00:00:00', '2024-08-10 00:00:00');
INSERT INTO `product_details` (`id`, `productID`, `description`, `size`, `costPrice`, `price`, `createAt`, `lastUpdate`) VALUES (58, 29, 'Mô tả sản phẩm cho Trà sữa táo xanh (size L)', 'L', 32000, 37000, '2024-06-10 00:00:00', '2024-09-15 00:00:00');
INSERT INTO `product_details` (`id`, `productID`, `description`, `size`, `costPrice`, `price`, `createAt`, `lastUpdate`) VALUES (59, 30, 'Mô tả sản phẩm cho Trà sữa việt quất (size M)', 'M', 31000, 33000, '2024-07-15 00:00:00', '2024-10-20 00:00:00');
INSERT INTO `product_details` (`id`, `productID`, `description`, `size`, `costPrice`, `price`, `createAt`, `lastUpdate`) VALUES (60, 30, 'Mô tả sản phẩm cho Trà sữa việt quất (size L)', 'L', 33000, 38000, '2024-08-20 00:00:00', '2024-11-25 00:00:00');
INSERT INTO `product_details` (`id`, `productID`, `description`, `size`, `costPrice`, `price`, `createAt`, `lastUpdate`) VALUES (61, 31, 'Mô tả sản phẩm cho Trà sữa ô lông (size M)', 'M', 32000, 34000, '2024-09-25 00:00:00', '2024-12-30 00:00:00');
INSERT INTO `product_details` (`id`, `productID`, `description`, `size`, `costPrice`, `price`, `createAt`, `lastUpdate`) VALUES (62, 31, 'Mô tả sản phẩm cho Trà sữa ô lông (size L)', 'L', 34000, 39000, '2024-10-30 00:00:00', '2025-01-05 00:00:00');
INSERT INTO `products` (`id`, `name`, `categoryID`, `status`) VALUES (1, 'Trà sữa matcha', 1, 1);
INSERT INTO `products` (`id`, `name`, `categoryID`, `status`) VALUES (2, 'Trà sữa matcha kem trứng', 1, 1);
INSERT INTO `products` (`id`, `name`, `categoryID`, `status`) VALUES (3, 'Sữa tươi việt quất trân châu', 1, 1);
INSERT INTO `products` (`id`, `name`, `categoryID`, `status`) VALUES (4, 'Sữa tươi dâu trân châu', 1, 1);
INSERT INTO `products` (`id`, `name`, `categoryID`, `status`) VALUES (5, 'Sữa tươi kem trứng', 1, 1);
INSERT INTO `products` (`id`, `name`, `categoryID`, `status`) VALUES (6, 'Sữa tươi sương sáo đường đen', 1, 1);
INSERT INTO `products` (`id`, `name`, `categoryID`, `status`) VALUES (7, 'Sữa tươi trân châu đường đen', 1, 1);
INSERT INTO `products` (`id`, `name`, `categoryID`, `status`) VALUES (8, 'Trà sữa ca cao', 1, 1);
INSERT INTO `products` (`id`, `name`, `categoryID`, `status`) VALUES (9, 'Trà sữa thái xanh trân châu đen', 1, 1);
INSERT INTO `products` (`id`, `name`, `categoryID`, `status`) VALUES (10, 'Trà sữa caramel', 1, 1);
INSERT INTO `products` (`id`, `name`, `categoryID`, `status`) VALUES (11, 'Trà sữa dâu tây', 1, 1);
INSERT INTO `products` (`id`, `name`, `categoryID`, `status`) VALUES (12, 'Trà sữa hoa đậu biếc', 1, 1);
INSERT INTO `products` (`id`, `name`, `categoryID`, `status`) VALUES (13, 'Trà sữa phô mai', 1, 1);
INSERT INTO `products` (`id`, `name`, `categoryID`, `status`) VALUES (14, 'Trà sữa thái đỏ', 1, 1);
INSERT INTO `products` (`id`, `name`, `categoryID`, `status`) VALUES (15, 'Trà sữa truyền thống', 1, 1);
INSERT INTO `products` (`id`, `name`, `categoryID`, `status`) VALUES (16, 'Trà sữa bánh flan', 1, 1);
INSERT INTO `products` (`id`, `name`, `categoryID`, `status`) VALUES (17, 'Trà sữa bạc hà', 1, 1);
INSERT INTO `products` (`id`, `name`, `categoryID`, `status`) VALUES (18, 'Trà sữa chocolate', 1, 1);
INSERT INTO `products` (`id`, `name`, `categoryID`, `status`) VALUES (19, 'Trà sữa gạo rang', 1, 1);
INSERT INTO `products` (`id`, `name`, `categoryID`, `status`) VALUES (20, 'Trà sữa kem cheese', 1, 1);
INSERT INTO `products` (`id`, `name`, `categoryID`, `status`) VALUES (21, 'Trà sữa khoai môn', 1, 1);
INSERT INTO `products` (`id`, `name`, `categoryID`, `status`) VALUES (22, 'Trà sữa khoai môn trân châu', 1, 1);
INSERT INTO `products` (`id`, `name`, `categoryID`, `status`) VALUES (23, 'Sữa tươi trân châu đường đen', 1, 1);
INSERT INTO `products` (`id`, `name`, `categoryID`, `status`) VALUES (24, 'Trà sữa milk foam', 1, 1);
INSERT INTO `products` (`id`, `name`, `categoryID`, `status`) VALUES (25, 'Trà sữa thái xanh', 1, 1);
INSERT INTO `products` (`id`, `name`, `categoryID`, `status`) VALUES (26, 'Trà sữa thái đỏ trân châu đen', 1, 1);
INSERT INTO `products` (`id`, `name`, `categoryID`, `status`) VALUES (27, 'Trà sữa trân châu trắng', 1, 1);
INSERT INTO `products` (`id`, `name`, `categoryID`, `status`) VALUES (28, 'Trà sữa trân châu đen', 1, 1);
INSERT INTO `products` (`id`, `name`, `categoryID`, `status`) VALUES (29, 'Trà sữa táo xanh', 1, 1);
INSERT INTO `products` (`id`, `name`, `categoryID`, `status`) VALUES (30, 'Trà sữa việt quất', 1, 1);
INSERT INTO `products` (`id`, `name`, `categoryID`, `status`) VALUES (31, 'Trà sữa ô lông', 1, 1);
INSERT INTO `promotion_details` (`promotionID`, `productID`, `discount`, `startDate`, `expDate`) VALUES (1, 1, 0.10, '2023-01-01 00:00:00', '2023-01-15 00:00:00');
INSERT INTO `promotion_details` (`promotionID`, `productID`, `discount`, `startDate`, `expDate`) VALUES (1, 2, 0.10, '2023-01-01 00:00:00', '2023-01-15 00:00:00');
INSERT INTO `promotion_details` (`promotionID`, `productID`, `discount`, `startDate`, `expDate`) VALUES (1, 3, 0.10, '2023-01-01 00:00:00', '2023-01-15 00:00:00');
INSERT INTO `promotion_details` (`promotionID`, `productID`, `discount`, `startDate`, `expDate`) VALUES (1, 4, 0.10, '2023-01-01 00:00:00', '2023-01-15 00:00:00');
INSERT INTO `promotion_details` (`promotionID`, `productID`, `discount`, `startDate`, `expDate`) VALUES (1, 5, 0.10, '2023-01-01 00:00:00', '2023-01-15 00:00:00');
INSERT INTO `promotion_details` (`promotionID`, `productID`, `discount`, `startDate`, `expDate`) VALUES (2, 6, 0.15, '2023-02-01 00:00:00', '2023-02-15 00:00:00');
INSERT INTO `promotion_details` (`promotionID`, `productID`, `discount`, `startDate`, `expDate`) VALUES (2, 7, 0.15, '2023-02-01 00:00:00', '2023-02-15 00:00:00');
INSERT INTO `promotion_details` (`promotionID`, `productID`, `discount`, `startDate`, `expDate`) VALUES (2, 8, 0.15, '2023-02-01 00:00:00', '2023-02-15 00:00:00');
INSERT INTO `promotion_details` (`promotionID`, `productID`, `discount`, `startDate`, `expDate`) VALUES (2, 9, 0.15, '2023-02-01 00:00:00', '2023-02-15 00:00:00');
INSERT INTO `promotion_details` (`promotionID`, `productID`, `discount`, `startDate`, `expDate`) VALUES (2, 10, 0.15, '2023-02-01 00:00:00', '2023-02-15 00:00:00');
INSERT INTO `promotion_details` (`promotionID`, `productID`, `discount`, `startDate`, `expDate`) VALUES (3, 11, 0.20, '2023-03-01 00:00:00', '2023-03-15 00:00:00');
INSERT INTO `promotion_details` (`promotionID`, `productID`, `discount`, `startDate`, `expDate`) VALUES (3, 12, 0.20, '2023-03-01 00:00:00', '2023-03-15 00:00:00');
INSERT INTO `promotion_details` (`promotionID`, `productID`, `discount`, `startDate`, `expDate`) VALUES (3, 13, 0.20, '2023-03-01 00:00:00', '2023-03-15 00:00:00');
INSERT INTO `promotion_details` (`promotionID`, `productID`, `discount`, `startDate`, `expDate`) VALUES (3, 14, 0.20, '2023-03-01 00:00:00', '2023-03-15 00:00:00');
INSERT INTO `promotion_details` (`promotionID`, `productID`, `discount`, `startDate`, `expDate`) VALUES (3, 15, 0.20, '2023-03-01 00:00:00', '2023-03-15 00:00:00');
INSERT INTO `promotion_details` (`promotionID`, `productID`, `discount`, `startDate`, `expDate`) VALUES (4, 16, 0.12, '2023-04-01 00:00:00', '2023-04-15 00:00:00');
INSERT INTO `promotion_details` (`promotionID`, `productID`, `discount`, `startDate`, `expDate`) VALUES (4, 17, 0.12, '2023-04-01 00:00:00', '2023-04-15 00:00:00');
INSERT INTO `promotion_details` (`promotionID`, `productID`, `discount`, `startDate`, `expDate`) VALUES (4, 18, 0.12, '2023-04-01 00:00:00', '2023-04-15 00:00:00');
INSERT INTO `promotion_details` (`promotionID`, `productID`, `discount`, `startDate`, `expDate`) VALUES (4, 19, 0.12, '2023-04-01 00:00:00', '2023-04-15 00:00:00');
INSERT INTO `promotion_details` (`promotionID`, `productID`, `discount`, `startDate`, `expDate`) VALUES (4, 20, 0.12, '2023-04-01 00:00:00', '2023-04-15 00:00:00');
INSERT INTO `promotion_details` (`promotionID`, `productID`, `discount`, `startDate`, `expDate`) VALUES (5, 21, 0.18, '2023-05-01 00:00:00', '2023-05-15 00:00:00');
INSERT INTO `promotion_details` (`promotionID`, `productID`, `discount`, `startDate`, `expDate`) VALUES (5, 22, 0.18, '2023-05-01 00:00:00', '2023-05-15 00:00:00');
INSERT INTO `promotion_details` (`promotionID`, `productID`, `discount`, `startDate`, `expDate`) VALUES (5, 23, 0.18, '2023-05-01 00:00:00', '2023-05-15 00:00:00');
INSERT INTO `promotion_details` (`promotionID`, `productID`, `discount`, `startDate`, `expDate`) VALUES (5, 24, 0.18, '2023-05-01 00:00:00', '2023-05-15 00:00:00');
INSERT INTO `promotion_details` (`promotionID`, `productID`, `discount`, `startDate`, `expDate`) VALUES (5, 25, 0.18, '2023-05-01 00:00:00', '2023-05-15 00:00:00');
INSERT INTO `promotions` (`id`, `name`, `description`, `imageUrl`) VALUES (1, 'Khuyến mãi Mùa Hè', 'Tận hưởng giảm giá trên những sản phẩm được chọn trong chương trình khuyến mãi Mùa Hè của chúng tôi!', 'img/promotions/summer_sale.jpg');
INSERT INTO `promotions` (`id`, `name`, `description`, `imageUrl`) VALUES (2, 'Quay trở lại trường', 'Chuẩn bị cho năm học mới với những khuyến mãi đặc biệt cho đồ uống yêu thích của bạn!', 'img/promotions/back_to_school.jpg');
INSERT INTO `promotions` (`id`, `name`, `description`, `imageUrl`) VALUES (3, 'Khuyến mãi Đặc biệt dịp lễ', 'Đón chào mừng kỳ nghỉ lễ với những khuyến mãi đặc biệt của chúng tôi!', 'img/promotions/holiday_special.jpg');
INSERT INTO `promotions` (`id`, `name`, `description`, `imageUrl`) VALUES (4, 'Đếm ngược đến Năm Mới', 'Đếm ngược đến Năm Mới với những giảm giá và ưu đãi hấp dẫn!', 'img/promotions/new_year_countdown.jpg');
INSERT INTO `promotions` (`id`, `name`, `description`, `imageUrl`) VALUES (5, 'Kỷ niệm', 'Hãy tham gia cùng chúng tôi trong việc kỷ niệm ngày thành lập với những khuyến mãi độc quyền!', 'img/promotions/anniversary_celebration.jpg');
INSERT INTO `rates` (`id`, `star`, `userID`, `productID`, `comment`, `createAt`) VALUES (1, 4, 1, 1, 'Rất ngon', '2022-01-12 00:00:00');
INSERT INTO `rates` (`id`, `star`, `userID`, `productID`, `comment`, `createAt`) VALUES (2, 5, 2, 2, 'Sản phẩm tuyệt vời', '2022-02-18 00:00:00');
INSERT INTO `rates` (`id`, `star`, `userID`, `productID`, `comment`, `createAt`) VALUES (3, 3, 3, 3, 'Bình thường', '2022-03-25 00:00:00');
INSERT INTO `rates` (`id`, `star`, `userID`, `productID`, `comment`, `createAt`) VALUES (4, 4, 4, 4, 'Chất lượng không tốt', '2022-04-10 00:00:00');
INSERT INTO `rates` (`id`, `star`, `userID`, `productID`, `comment`, `createAt`) VALUES (5, 5, 5, 5, 'Tuyệt vời, tôi thích', '2022-05-05 00:00:00');
INSERT INTO `rates` (`id`, `star`, `userID`, `productID`, `comment`, `createAt`) VALUES (6, 2, 1, 6, 'Không hài lòng', '2022-06-15 00:00:00');
INSERT INTO `rates` (`id`, `star`, `userID`, `productID`, `comment`, `createAt`) VALUES (7, 4, 2, 7, 'Sản phẩm OK', '2022-07-20 00:00:00');
INSERT INTO `rates` (`id`, `star`, `userID`, `productID`, `comment`, `createAt`) VALUES (8, 5, 3, 8, 'Thích sản phẩm này', '2022-08-28 00:00:00');
INSERT INTO `rates` (`id`, `star`, `userID`, `productID`, `comment`, `createAt`) VALUES (9, 3, 4, 9, 'Được, nhưng có thể cải thiện', '2022-09-10 00:00:00');
INSERT INTO `rates` (`id`, `star`, `userID`, `productID`, `comment`, `createAt`) VALUES (10, 5, 5, 10, 'Hoàn hảo', '2022-10-15 00:00:00');
INSERT INTO `users` (`id`, `name`, `userName`, `email`, `phoneNumber`, `password`, `role`, `createAt`, `lastUpdate`, `addressID`, `status`) VALUES (1, 'Nguyễn Văn A', 'nguyenvana', 'nguyenvana@gmail.com', '123456789', 'password123', 1, '2022-05-15 00:00:00', NULL, 1, 1);
INSERT INTO `users` (`id`, `name`, `userName`, `email`, `phoneNumber`, `password`, `role`, `createAt`, `lastUpdate`, `addressID`, `status`) VALUES (2, 'Trần Thị B', 'tranthib', 'tranthib@gmail.com', '987654321', 'password456', 1, '2022-06-20 00:00:00', NULL, 2, 1);
INSERT INTO `users` (`id`, `name`, `userName`, `email`, `phoneNumber`, `password`, `role`, `createAt`, `lastUpdate`, `addressID`, `status`) VALUES (3, 'Lê Văn C', 'levanc', 'levanc@gmail.com', '111223344', 'password789', 1, '2022-07-25 00:00:00', NULL, 3, 1);
INSERT INTO `users` (`id`, `name`, `userName`, `email`, `phoneNumber`, `password`, `role`, `createAt`, `lastUpdate`, `addressID`, `status`) VALUES (4, 'Phạm Thị D', 'phamthid', 'phamthid@gmail.com', '555666777', 'passwordabc', 1, '2022-08-30 00:00:00', NULL, 4, 1);
INSERT INTO `users` (`id`, `name`, `userName`, `email`, `phoneNumber`, `password`, `role`, `createAt`, `lastUpdate`, `addressID`, `status`) VALUES (5, 'Hoàng Văn E', 'hoangvane', 'hoangvane@gmail.com', '999888777', 'passworddef', 1, '2022-09-05 00:00:00', NULL, 5, 1);
